{
  "settings": {},
  "dependencies": [
    "4343746E706264E6"
  ],
  "tasks": {
    "659880DCA297ED7A": {
      "type": "heracles:item",
      "item": "gtceu:rocket_fuel_bucket"
    }
  },
  "rewards": {},
  "display": {
    "title": "Rocket Fuel",
    "description": [
      "<h2>Honey, where are my Microverse Projectors?</h2>",
      "<hr/>",
      "<task task=\"659880DCA297ED7A\" quest=\"1B520580219AFAE9\"/>",
      "<hr/>",
      "Rocket Fuel mostly exists for compatibility with other mods. You'll love it if you're making your own pack.",
      "<br/>",
      "As an actual fuel for GTCEu generators? Terrible!",
      "<br/>",
      "In this modpack, &&aRocket Fuel&&r is required to obtain &&dNether Stars&&r.",
      "<br/>",
      "Automating it may be a big hit to your resources, but you can safely batch craft using an overclocked &&3Large Chemical Reactor&&r."
    ],
    "icon": {
      "type": "heracles:item",
      "item": "gtceu:rocket_fuel_bucket"
    },
    "subtitle": {
      "text": "Honey, where are my Microverse Projectors?"
    },
    "groups": {
      "§9IV§r - Insane Voltage": {
        "position": [
          192,
          120
        ]
      }
    }
  }
}