{
  "settings": {},
  "dependencies": [
    "73E8283634E5E33A",
    "12B4423F055BFBF5",
    "327C3E02CD751453",
    "0425179329ED1B72",
    "069FD86133D7D582",
    "6B128610C7D2825D"
  ],
  "tasks": {
    "1BD34023E42B4E50": {
      "type": "heracles:item",
      "item": "gtceu:assembly_line"
    }
  },
  "rewards": {},
  "display": {
    "title": "Assembly Line",
    "description": [
      "<h2>AKA the \"Assline\"</h2>",
      "<hr/>",
      "<task task=\"1BD34023E42B4E50\" quest=\"77B7B1EDD19831E0\"/>",
      "<hr/>",
      "Making &&dLuV&&r Components will require more work. You'll need to look at making the &&3Assembly Line&&r in order to progress.",
      "<br/>",
      "This Multiblock has a &&evariable size&&r&&r. Each &&3ULV Input Bus&&r accepts a different stack of items.",
      "<br/>",
      "You will want to build this with a size of &&d10&&r to get started, or of a size of &&d14&&r to accept all possible recipes in base GTCEu.",
      "<br/>",
      "Recipes require &&aFluids&&r, so it is a good idea to keep the &&3Input Hatches&&r permanently filled with &&dSoldering Alloy&&r, &&dLubricant&&r and &&dStyrene-Butadienne Rubber&&r.",
      "<br/>",
      "&&6This quest unlocks two new tutorials on the Assembly Line and Research in the &&lTips and Tricks&&r&&6 tab - check them out to learn more!&&r"
    ],
    "icon": {
      "type": "heracles:item",
      "item": "gtceu:assembly_line"
    },
    "subtitle": {
      "text": "AKA the \"Assline\""
    },
    "groups": {
      "§9IV§r - Insane Voltage": {
        "position": [
          120,
          156
        ]
      }
    }
  }
}