{
  "settings": {},
  "dependencies": [
    "648BCF486E16CCB2"
  ],
  "tasks": {
    "21FF6E45F9AC5E76": {
      "title": "Any Pump will do",
      "type": "heracles:item",
      "item": "itemfilters:or",
      "nbt": {
        "items": [
          {
            "Count": 1,
            "id": "gtceu:lv_pump"
          },
          {
            "Count": 1,
            "id": "gtceu:mv_pump"
          },
          {
            "Count": 1,
            "id": "gtceu:hv_pump"
          },
          {
            "Count": 1,
            "id": "gtceu:ev_pump"
          }
        ]
      }
    },
    "23448126F81BDA89": {
      "type": "heracles:item",
      "item": "gtceu:oil_bucket"
    }
  },
  "rewards": {},
  "display": {
    "title": "US Simulator",
    "description": [
      "<h2>Ever mined into an Oil deposit?</h2>",
      "<hr/>",
      "<task task=\"21FF6E45F9AC5E76\" quest=\"0774EC59CD3DD7A5\"/>",
      "<task task=\"23448126F81BDA89\" quest=\"0774EC59CD3DD7A5\"/>",
      "<hr/>",
      "&&4Oil Spouts unfortunately &&lhaven't&&r&&4 been implemented yet, but the information here is still useful.",
      "<br/>",
      "Get any kind of &&3Pump&&r, place it above an Oil spout and... give it some power.",
      "<br/>",
      "Do &&cnot&&r pump above an Ocean, as the pump will attempt to pull water, resulting in getting the pump stuck. Sorry!",
      "{@pagebreak}",
      "Each Oil deposit can have between &&63,000&&r and &&69,200&&r buckets of Oil, which is a LOT! Refining the Oil&&r onsite into either &&aLight Fuel&&r or &&aDiesel&&r (or both) is perfectly viable. The next few Quests will explain each type's pros and cons.",
      "<br/>",
      "Store any obtained Oil in &&3Drums&&r, but you would do yourself a favour to use a &&3Super Tank&&r as soon as you can make them.",
      "<br/>",
      "&&cWarning: &&rDo not forget to &&dchunkload&&r with FTB Utilities (open the map in the top left corner, claim the chunks with left-click, and enable force loading with shift-left-click).",
      "{@pagebreak}",
      "&&9&&lNote:&&r&&l The Oil path is one path towards &&9&&lEthylene&&r&&l. The other paths involve getting natural with some Ethanol.&&r",
      "<br/>",
      "For now, Oil is &&doptional&&r. It becomes mandatory much later when you get to &&5EV&&r.",
      "<br/>",
      "Oil can also be refined in the form of &&aLight Fuel&&r, &&aDiesel&&r or even &&aGasoline&&r, which are excellent power options.",
      "<br/>",
      "If you chose this path, you should use it for both Power and Ethylene.",
      "<br/>",
      "Oil spouts are a &&6great starting point&&r - they will tide you over until you unlock Fluid Drilling Rigs.",
      "{@pagebreak}",
      "&&l&&3Lore:&&r&&o Oil geysers were originally from Buildcraft. If you played a GregTech 5 modpack &&cwithout&&f Buildcraft, you needed to use the Fluid Rig and tap randomly to try and get lucky, or wait until &&6HV&&f, where prospecting for fluids was available."
    ],
    "icon": {
      "type": "heracles:item",
      "item": "gtceu:oil_bucket"
    },
    "subtitle": {
      "text": "Ever mined into an Oil deposit?"
    },
    "groups": {
      "§bMV§r - Medium Voltage": {
        "position": [
          -36,
          -24
        ]
      }
    }
  }
}