{
  "settings": {},
  "dependencies": [
    "61972B16805FC9EE"
  ],
  "tasks": {
    "10BAA54947D975AF": {
      "type": "heracles:item",
      "item": "gtceu:diesel_bucket"
    }
  },
  "rewards": {
    "0D81E63BB7BAD94B": {
      "type": "heracles:item",
      "item": {
        "id": "gtceu:steel_fluid_cell",
        "count": 1,
        "nbt": {
          "Fluid": {
            "Amount": 8000,
            "FluidName": "gtceu:oil_heavy"
          }
        }
      }
    }
  },
  "display": {
    "title": "The Church of Diesel",
    "description": [
      "<h2>Mother, how is diesel made?</h2>",
      "<hr/>",
      "<task task=\"10BAA54947D975AF\" quest=\"45769156F4253C86\"/>",
      "<hr/>",
      "&&aDiesel&&r is a &&dOil-based &&9Combustion Fuel&&r.",
      "<br/>",
      "To mix &&aLight Fuel&&r and &&aHeavy Fuel&&r, the right ratio for &&3Distilleries&&r is &&63:2&&r from &&dOil&&r or &&dRaw Oil&&r.",
      "<br/>",
      "This would necessitate 3 Distilleries for Light Fuel, or 2 Distilleries for Heavy Fuel.",
      "{@pagebreak}",
      "You can cut the amount of &&dOil&&r required &&6drastically&&r by using &&dHeavy Oil&&r for &&aHeavy Fuel&&r specifically. &&dOilsands&&r is a great option if you wish to go down this route!",
      "<br/>",
      "&&o(For the math nerds, you go from 8.33 Oil -> 6 Diesel, to 5 Oil + 0.4 Heavy Oil -> 6 Diesel)&&r",
      "<br/>",
      "&&eNote:&&r Do &&cnot attempt&&r to put Oil in the &&3Distillation Tower&&r You might think it's a good idea because it gives both Light Fuel and Heavy Fuel. However, this process requires a lot of overclocking to be worth your time, and you will lose more energy than what the byproducts are worth.",
      "{@pagebreak}",
      "In general, it is better to prioritize placing down more machines (&&dparallelisation&&r) over overclocking the recipes. That way, you end up losing less energy processing the resources.",
      "<br/>",
      "&&aDiesel&&r is burned in a &&3Combustion Generator&&r. It can be further refined to &&6Cetane-Boosted Diesel&&r in &&6HV&&r. Compared to the other power sources, it is generally more efficient, but a more demanding processing line. If you take the &&eOil&&r route for &&aPolyethylene&&r, this can work great with existing infrastructure. Ultimately, the power source you want to use is your choice.",
      "<hr/>",
      "<reward reward=\"0D81E63BB7BAD94B\" quest=\"45769156F4253C86\"/>"
    ],
    "icon": {
      "type": "heracles:item",
      "item": "gtceu:diesel_bucket"
    },
    "subtitle": {
      "text": "Mother, how is diesel made?"
    },
    "groups": {
      "§bMV§r - Medium Voltage": {
        "position": [
          -72,
          -96
        ]
      }
    }
  }
}