{
  "settings": {},
  "dependencies": [
    "1FCF2C103E25972B",
    "5063FDFFBE3E4855",
    "3568BC9742092FC5"
  ],
  "tasks": {
    "34EA9B71F8BF607F": {
      "type": "heracles:item",
      "item": "gtceu:micro_processor_computer"
    }
  },
  "rewards": {},
  "display": {
    "title": "First EV Circuits!",
    "description": [
      "<h2>Standing out amongst the rest</h2>",
      "<hr/>",
      "<task task=\"34EA9B71F8BF607F\" quest=\"4AFD3073C731A1E4\"/>",
      "<hr/>",
      "Your first &&5EV&&r Circuit gets a unique texture. If you still consider yourself to be in &&bMV&&r, &&ahold off&&r on making too many of these, as they won't benefit you right now. We can't stop you from making these if you &&djust wanna flex&&r on us, though.",
      "<br/>",
      "It'll be needed in &&6HV&&r."
    ],
    "icon": {
      "type": "heracles:item",
      "item": "gtceu:micro_processor_computer"
    },
    "subtitle": {
      "text": "Standing out amongst the rest"
    },
    "groups": {
      "§bMV§r - Medium Voltage": {
        "position": [
          252,
          120
        ]
      }
    }
  }
}