{
  "settings": {},
  "dependencies": [
    "38DE506FF5B32031",
    "3DFFA8F91452C62A"
  ],
  "tasks": {
    "2FE33281A44C34F6": {
      "type": "heracles:item",
      "item": "gtceu:micro_processor_assembly"
    }
  },
  "rewards": {},
  "display": {
    "title": "More HV Circuits",
    "description": [
      "<h2>On that HV grind</h2>",
      "<hr/>",
      "<task task=\"2FE33281A44C34F6\" quest=\"5063FDFFBE3E4855\"/>",
      "<hr/>",
      "Better &&6HV&&r Circuits - much &&dcheaper&&r and easier to make than before.",
      "<br/>",
      "&&6You should now be ready to move on the HV Chapter&&r, unless you're yet to scale up your Power Production."
    ],
    "icon": {
      "type": "heracles:item",
      "item": "gtceu:micro_processor_assembly"
    },
    "subtitle": {
      "text": "On that HV grind"
    },
    "groups": {
      "§bMV§r - Medium Voltage": {
        "position": [
          252,
          84
        ]
      }
    }
  }
}