{
  "settings": {},
  "dependencies": [
    "0DBC148D92A9F69F",
    "7567E885B7166603"
  ],
  "tasks": {
    "0FD2962C232149F8": {
      "type": "heracles:item",
      "item": "gtceu:pyrolyse_oven"
    }
  },
  "rewards": {
    "01DA9E28ADAD19B3": {
      "type": "heracles:item",
      "item": {
        "id": "minecraft:coal",
        "count": 64
      }
    },
    "3F4EFE922903E799": {
      "type": "heracles:item",
      "item": {
        "id": "minecraft:oak_log",
        "count": 64
      }
    }
  },
  "display": {
    "title": "Pyrolyse Oven",
    "description": [
      "<h2>Thermal Decomposition</h2>",
      "<hr/>",
      "<task task=\"0FD2962C232149F8\" quest=\"53DC6E32C41C94C3\"/>",
      "<hr/>",
      "The &&3Pyrolyse Oven&&r is an electric equivalent to the &&3Coke Oven&&r. It can produce &&9Coal Coke&&r and &&9Charcoal&&r with a &&9Creosote&&r byproduct just as before, but also has additional &&6Organic Byproducts&&r, the most beneficial of these being &&aWood Tar&&r.",
      "<br/>",
      "Another product is &&aBiomass&&r, which is more pertinent for your progression as of this moment.",
      "{@pagebreak}",
      "The byproducts can be Distilled for an array of organic resources, with &&odifferent&&r byproducts giving &&odifferent&&r ratios of &&odifferent&&r chemicals.",
      "<br/>",
      "You will need to take a peek at the &&9Distillation&&r Quest to get to grips with the power of distillation...",
      "{@pagebreak}",
      "There are recipes that can accept &&bNitrogen&&r to double the speed. This isn't quite worth pursuing right now, but Nitrogen will eventually be free and infinite.",
      "<br/>",
      "You should be more than fine with a single &&3LV Energy Hatch&&r, and Superconductors to supply a steady &&d64 EU/t&&r. Additionally, &&3Cupronickel Coils&&r are perfect when you're getting used to the Pyrolyse Oven, but you may want to upgrade to &&bKanthal&&r eventually.",
      "<br/>",
      "{@pagebreak}",
      "&&9&&lNote:&&r&&l The Plant path is one path you can take towards &&9&&lEthylene&&r&&l, which is a necessary chemical in progressing to &&6HV&&r&&l. The other path involves Oil.&&r",
      "<br/>",
      "The Pyrolyse Oven remains &&doptional&&r. However, it is very rewarding to construct one either for Power, or for the various Byproducts, and we highly recommend you give it a look.",
      "<br/>",
      "&&l&&3Lore:&&r&&o In GT5u, the structure for the Pyrolyse Oven was infamously a giant box with only 9 coils inside. Players usually spent several minutes debugging what is wrong due to a lack of a JEI preview.",
      "<hr/>",
      "<reward reward=\"01DA9E28ADAD19B3\" quest=\"53DC6E32C41C94C3\"/>",
      "<reward reward=\"3F4EFE922903E799\" quest=\"53DC6E32C41C94C3\"/>"
    ],
    "icon": {
      "type": "heracles:item",
      "item": "gtceu:pyrolyse_oven"
    },
    "subtitle": {
      "text": "Thermal Decomposition"
    },
    "groups": {
      "§bMV§r - Medium Voltage": {
        "position": [
          0,
          -24
        ]
      }
    }
  }
}