{
  "settings": {},
  "dependencies": [
    "0774EC59CD3DD7A5",
    "575B07D390D9D079"
  ],
  "tasks": {
    "6D77664884690FB4": {
      "type": "heracles:item",
      "amount": 2,
      "item": "gtceu:long_distance_fluid_pipeline_endpoint"
    },
    "01F1E774C67ED4AF": {
      "type": "heracles:item",
      "item": "gtceu:long_distance_fluid_pipeline"
    }
  },
  "rewards": {},
  "display": {
    "title": "Long-Distance Fluids",
    "description": [
      "<h2>Wondering how to move that oil around?</h2>",
      "<hr/>",
      "<task task=\"6D77664884690FB4\" quest=\"5480AF2EDEDB6A36\"/>",
      "<task task=\"01F1E774C67ED4AF\" quest=\"5480AF2EDEDB6A36\"/>",
      "<hr/>",
      "&&3Long-Distance Fluid Pipes&&r can be used to send fluids across great distances. Place one endpoint at each end, and connect them with pipeline blocks.",
      "<br/>",
      "These pipes instantly transfer from the input side to the output side.",
      "<br/>",
      "They also have a minimum distance between pipe endpoints, so you can't use these for short-range operations."
    ],
    "icon": {
      "type": "heracles:item",
      "item": "gtceu:long_distance_fluid_pipeline_endpoint"
    },
    "subtitle": {
      "text": "Wondering how to move that oil around?"
    },
    "groups": {
      "§bMV§r - Medium Voltage": {
        "position": [
          -108,
          -24
        ]
      }
    }
  }
}