{
  "settings": {},
  "dependencies": [
    "0DBC148D92A9F69F",
    "7567E885B7166603",
    "6E186F9C57155BFA"
  ],
  "tasks": {
    "1F170291094582D6": {
      "title": "MV Generators",
      "type": "heracles:item",
      "item": "itemfilters:or",
      "nbt": {
        "items": [
          {
            "Count": 1,
            "id": "gtceu:mv_steam_turbine"
          },
          {
            "Count": 1,
            "id": "gtceu:mv_gas_turbine"
          },
          {
            "Count": 1,
            "id": "gtceu:mv_combustion"
          }
        ]
      }
    }
  },
  "rewards": {},
  "display": {
    "title": "Electricity Generation in MV",
    "description": [
      "<h2>Things are 'boutta get rough</h2>",
      "<hr/>",
      "<task task=\"1F170291094582D6\" quest=\"583D0CC4FAA4FC98\"/>",
      "<hr/>",
      "Higher-tier Generators will increase their fuel consumption proportionally to their Generation rate, keeping the duration of fuels and the specific amount of energy from fuels the same. The &&3Advanced Steam Turbine&&r will use &&d5,120 mB Steam&&r per second, equivalent to &&d256 mB/t&&r.",
      "<br/>",
      "Get &&eany&&r of the generators to complete this quest, but you may prefer starting off with the &&3Advanced Steam Turbine&&r.",
      "{@pagebreak}",
      "There are a few new power options available for &&bMV&&r. Selecting the Generators and pressing &&4U&&r will let you see which fuels count as &&aCombustion&&r or &&aGas&&r.",
      "<br/>",
      "Quests in the top left corner of this Chapter are for the valuable Power options.",
      "<br/>",
      "If you stick to &&9Steam&&r for your Power generation, you'll probably need a &&3Large Boiler&&r."
    ],
    "icon": {
      "type": "heracles:item",
      "item": "gtceu:mv_steam_turbine"
    },
    "subtitle": {
      "text": "Things are 'boutta get rough"
    },
    "groups": {
      "§bMV§r - Medium Voltage": {
        "position": [
          72,
          -60
        ]
      }
    }
  }
}