{
  "settings": {},
  "dependencies": [
    "6A304E453D74C57C"
  ],
  "tasks": {
    "01BF2D557A9EF2B0": {
      "type": "heracles:item",
      "item": "gtceu:sulfuric_naphtha_bucket"
    },
    "75B40C6A92BB88B5": {
      "type": "heracles:item",
      "item": "gtceu:naphtha_bucket"
    }
  },
  "rewards": {},
  "display": {
    "title": "Naphtha",
    "description": [
      "<h2>We're still confused on how this is pronounced</h2>",
      "<hr/>",
      "<task task=\"01BF2D557A9EF2B0\" quest=\"6238B2A7ED1BE5A1\"/>",
      "<task task=\"75B40C6A92BB88B5\" quest=\"6238B2A7ED1BE5A1\"/>",
      "<hr/>",
      "Distillating &&aOil&&r will give you Fuel that you will need to desulfurize.",
      "<br/>",
      "&&aHydrogen Sulfide&&r is perfectly &&drecycled&&r in an &&3Electrolyzer&&r.",
      "<br/>",
      "To automate this process, simply place your &&3Chemical Reactor&&r and your &&3Electrolyzer&&r next to each other. Be sure to use your &&5Screwdriver&&r to &&4enable input from the output side&&r.",
      "<br/>",
      "&&aNaphtha&&r is a good &&9Product&&r source. Keep following the quests to the right for more details."
    ],
    "icon": {
      "type": "heracles:item",
      "item": "gtceu:naphtha_bucket"
    },
    "subtitle": {
      "text": "We're still confused on how this is pronounced"
    },
    "groups": {
      "§bMV§r - Medium Voltage": {
        "position": [
          -36,
          -132
        ]
      }
    }
  }
}