{
  "settings": {},
  "dependencies": [
    "46AD7A6F3B6775F5"
  ],
  "tasks": {
    "5635E327260121C3": {
      "type": "heracles:item",
      "item": "gtceu:construction_core"
    }
  },
  "rewards": {},
  "display": {
    "title": "Building Resources",
    "description": [
      "<h2>If you build it, they will come</h2>",
      "<hr/>",
      "<task task=\"5635E327260121C3\" quest=\"11989C3388C969DF\"/>",
      "<hr/>",
      "If you're a builder, &&bweep no more&&r - this custom multiblock, freshly made with the powers of &&dKubeJS&&r, is made for you.",
      "<br/>",
      "By providing the multiblock with a near-negligible amount of &&6Construction Foam&&r, you'll gain access to increased yields of many different &&bbuilding blocks&&r to spice up your base.",
      "<br/>",
      "Don't go too crazy!",
      "<br/>",
      "&&8(Crazy? I was crazy once!)&&r"
    ],
    "icon": {
      "type": "heracles:item",
      "item": "gtceu:construction_core"
    },
    "subtitle": {
      "text": "If you build it, they will come"
    },
    "groups": {
      "§7LV§r - Low Voltage": {
        "position": [
          285,
          53
        ]
      }
    }
  }
}