{
  "settings": {},
  "dependencies": [
    "3D98819A799D2E64"
  ],
  "tasks": {
    "48507FA04651418B": {
      "type": "heracles:item",
      "item": "gtceu:fluid_cell"
    },
    "012C90A73EC79E11": {
      "type": "heracles:item",
      "item": "gtceu:universal_fluid_cell"
    }
  },
  "rewards": {},
  "display": {
    "title": "Dead Cells",
    "description": [
      "<h2>GTCE killed cell chemistry... GTCE killed Cells!</h2>",
      "<hr/>",
      "<task task=\"48507FA04651418B\" quest=\"292938760AB9A12B\"/>",
      "<task task=\"012C90A73EC79E11\" quest=\"292938760AB9A12B\"/>",
      "<hr/>",
      "Cells are an alternative form of Fluid storage. All Cell types with the same type and amount of Fluid inside them &&6stack&&r. They can be automatically filled with a &&3Canning Machine&&r.",
      "<br/>",
      "Cells hold &&done bucket&&r of Fluid.",
      "{@pagebreak}",
      "Universal Cells hold up to &&done bucket&&r, but also can store &&9fractions&&r of Buckets. They're particularly ideal if you want to store leftover Fluid without crafting a whole Drum. ",
      "<br/>",
      "Cells made from higher tier materials can hold even more fluid, but &&9Drums&&r and &&9Super Tanks&&r will hold more by then.",
      "<br/>",
      "Like Drums, Cells can be placed into a crafting grid to clear their contents."
    ],
    "icon": {
      "type": "heracles:item",
      "item": "gtceu:fluid_cell"
    },
    "subtitle": {
      "text": "GTCE killed cell chemistry... GTCE killed Cells!"
    },
    "groups": {
      "§7LV§r - Low Voltage": {
        "position": [
          144,
          180
        ]
      }
    }
  }
}