{
  "settings": {},
  "dependencies": [
    "32B08E6F414A00C0",
    "4B979482EF026BFF"
  ],
  "tasks": {
    "3B6DC3146DB686BF": {
      "type": "heracles:item",
      "amount": 6,
      "item": "gtceu:sapphire_dust"
    }
  },
  "rewards": {
    "6ED23A377745D74A": {
      "type": "heracles:item",
      "item": {
        "id": "gtceu:green_sapphire_ore",
        "count": 12
      }
    }
  },
  "display": {
    "title": "Sapphire",
    "description": [
      "<h2>One Step Closer To MV</h2>",
      "<hr/>",
      "<task task=\"3B6DC3146DB686BF\" quest=\"2F1CCFEBAB71B1F3\"/>",
      "<hr/>",
      "With &&7LV&&r power, the only way of getting &&aAluminium Dust&&r is by electrolyzing &&9Sapphire&&r or &&2Green Sapphire&&r. Aluminium is the main &&bMV&&r material, similar to how Steel is crucial in &&7LV&&r, and Bronze is important in the &&6Steam Age&&r.",
      "<br/>",
      "It would be wise to obtain enough Sapphire to electrolyze into a full stack of &&aAluminium Dust&&r - it &&lwill&&r be useful very soon. Plus, bonus Oxygen is always nice.",
      "<hr/>",
      "<reward reward=\"6ED23A377745D74A\" quest=\"2F1CCFEBAB71B1F3\"/>"
    ],
    "icon": {
      "type": "heracles:item",
      "item": "gtceu:sapphire_dust"
    },
    "subtitle": {
      "text": "One Step Closer To MV"
    },
    "groups": {
      "§7LV§r - Low Voltage": {
        "position": [
          -72,
          180
        ]
      }
    }
  }
}