{
  "settings": {},
  "dependencies": [
    "6431381FBE07D6EF"
  ],
  "tasks": {
    "560D4D0D6BECE006": {
      "type": "heracles:item",
      "item": "gtceu:bronze_large_boiler"
    }
  },
  "rewards": {
    "1BEF1D97E033F1B1": {
      "type": "heracles:item",
      "item": {
        "id": "gtceu:steam_bucket"
      }
    }
  },
  "display": {
    "title": "Acquire: gtceu:bronze_large_boiler",
    "description": [
      "<h2>Boom, boom, boom, boom</h2>",
      "<hr/>",
      "<task task=\"560D4D0D6BECE006\" quest=\"33263404ED38C6D2\"/>",
      "<hr/>",
      "&&oThe &&3Large Boiler&&r is an &&6optional&&r big-boy variant of the Small Boilers. It runs off solid or liquid fuel.",
      "<br/>",
      "If you want Steam-based power production, this will be your first port-of-call. Other power options are listed in the &&bMV&&r chapter.",
      "<br/>",
      "&&cImportant:&&r This Boiler &&lCAN&&r also &&cexplode&&r similarly to the regular Boilers! Usually, the explosion can be rather devastating... but it's configured to not damage blocks or entities in this modpack.",
      "{@pagebreak}",
      "&&cWater supply is &&lcrucial&&r&&r. Dedicate a &&3Primitive Pump&&r with a &&7LV&&r Output Hatch in the &&lsame chunk&&r as the Boiler. Any biome will still be enough to supply enough water.",
      "<br/>",
      "Once fully heated up, the &&3LBB&&r produces 800 Steam per tick, which is &&d400EU/t&&r after conversion, or 12.5 Basic Steam Turbines. Such (relatively!) immense power comes at the cost of &&la lot&&r of burnable fuel.",
      "{@pagebreak}",
      "&&5&&lWith this in consideration&&r, the GUI lets you &&9throttle&&r the Boiler down to 25% power for 200 Steam per tick. That's &&d100EU/t&&r, or slightly above 3 Basic Steam Turbines.",
      "<br/>",
      "&&9Note:&&r An in-depth tutorial about Multiblocks is given after you get the &&3Electric Blast Furnace&&r. We recommend you aim for that first.",
      "<hr/>",
      "<reward reward=\"1BEF1D97E033F1B1\" quest=\"33263404ED38C6D2\"/>"
    ],
    "icon": {
      "type": "heracles:item",
      "item": "gtceu:bronze_large_boiler"
    },
    "subtitle": {
      "text": "Boom, boom, boom, boom"
    },
    "groups": {
      "§7LV§r - Low Voltage": {
        "position": [
          216,
          72
        ]
      }
    }
  }
}