{
  "settings": {},
  "dependencies": [
    "3CDA855A045A9F4D"
  ],
  "tasks": {
    "5816F0458BEA1BCD": {
      "type": "heracles:item",
      "item": "gtceu:network_switch"
    }
  },
  "rewards": {},
  "display": {
    "title": "Network Switch",
    "description": [
      "<h2>With our powers combined...</h2>",
      "<hr/>",
      "<task task=\"5816F0458BEA1BCD\" quest=\"0BADFBA6F96E457E\"/>",
      "<hr/>",
      "The &&3Network Switch&&r allows multiple HPCAs to be used in conjunction with each other! This allows you to provide far more computation to your &&aResearch Station&&r.",
      "<br/>",
      "HPCAs can be connected to &&3Network Switches&&r with transmission and reception hatches, and then the Network Switch can output to a &&aResearch Station&&r with another transmission hatch.",
      "<br/>",
      "HPCAs cannot connect to &&3Network Switches&&r by default, and each connected HPCA requires an &&3HPCA Bridge Component&&r to enable this functionality."
    ],
    "icon": {
      "type": "heracles:item",
      "item": "gtceu:network_switch"
    },
    "subtitle": {
      "text": "With our powers combined..."
    },
    "groups": {
      "§3UV§r - Ultimate Voltage": {
        "position": [
          72,
          12
        ]
      }
    }
  }
}