{
  "settings": {},
  "dependencies": [
    "3D9D27F29D9D12F6",
    "0009F48B6E385A47"
  ],
  "tasks": {
    "5EDF6F9FD702E463": {
      "type": "heracles:item",
      "item": "gtceu:max_battery"
    }
  },
  "rewards": {
    "4895F6328078CE87": {
      "type": "heracles:item",
      "item": {
        "id": "minecraft:grass"
      }
    }
  },
  "display": {
    "title": "Ultimate Battery!",
    "description": [
      "<h2>Consider touching some grass</h2>",
      "<hr/>",
      "<task task=\"5EDF6F9FD702E463\" quest=\"6F15D7574B8F6DB5\"/>",
      "<hr/>",
      "The amount of EU this battery can storage is the max value of a Long Integer in Java.",
      "<br/>",
      "Don't try to win Minecraft - you can't.",
      "{@pagebreak}",
      "&&l&&3Lore:&&r&&o You're probably tired of this by now, but things are different with the battery lore this time. We promise.",
      "<br/>",
      "&&oGTCEu's ultimate battery uses 16 &&3UV&&f orbs. GTNH's only uses 8. However, GTNH also has a &&lReally Ultimate Battery&&r&&o made of 8 Ultimate Batteries! It's not useful at all, but still exists...",
      "<br/>",
      "&&oThey also added an &&lExtremely Ultimate Battery&&r&&o made of 8 Really Ultimate Batteries, which is ludicrously expensive.",
      "<hr/>",
      "<reward reward=\"4895F6328078CE87\" quest=\"6F15D7574B8F6DB5\"/>"
    ],
    "icon": {
      "type": "heracles:item",
      "item": "gtceu:max_battery"
    },
    "subtitle": {
      "text": "Consider touching some grass"
    },
    "groups": {
      "§3UV§r - Ultimate Voltage": {
        "position": [
          252,
          48
        ]
      }
    }
  }
}