{
  "settings": {},
  "dependencies": [
    "16A6AE5C770DB83A"
  ],
  "tasks": {
    "4BE8DFB45A1BFC09": {
      "type": "heracles:item",
      "item": "gtceu:configurable_maintenance_hatch"
    },
    "286992A0F0C20BEE": {
      "type": "heracles:item",
      "item": "gtceu:auto_maintenance_hatch"
    }
  },
  "rewards": {},
  "display": {
    "title": "Advanced Maintenance",
    "description": [
      "<h2>Huge News for Maintenance Haters</h2>",
      "<hr/>",
      "<task task=\"4BE8DFB45A1BFC09\" quest=\"15645E46CC0E6764\"/>",
      "<task task=\"286992A0F0C20BEE\" quest=\"15645E46CC0E6764\"/>",
      "<hr/>",
      "You now have access to two &&3new Maintenance Hatches&&r. Both hatches &&6do not require Maintenance&&r when first placed in a Multiblock. We're going to ask for both here.",
      "<br/>",
      "The &&3Automatic Maintenance Hatch&&r is pretty simple - it eliminates the need for Maintenance, &&6forever&&r.",
      "<br/>",
      "The &&3Configurable Maintenance Hatch&&r is more interesting. You can configure it to cut off &&a10% duration&&r on recipes, at the cost of making Maintenance happen three times as fast. That's &&d16 real hours&&r of activity.",
      "<br/>",
      "&&9Reminder:&&r You can put Tape in the maintenance Hatch to automatically fix problems.",
      "{@pagebreak}",
      "&&l&&3Lore:&&r&&o The Automatic Maintenance Hatch texture and mechanic comes from TecTech, an addon mod originally made for GregTech: New Horizons. ",
      "<br/>",
      "&&oYou'll see more from TecTech if you stick with us all the way to the late game."
    ],
    "icon": {
      "type": "heracles:item",
      "item": "gtceu:configurable_maintenance_hatch"
    },
    "subtitle": {
      "text": "Huge News for Maintenance Haters"
    },
    "groups": {
      "§6HV§r - High Voltage": {
        "position": [
          36,
          -96
        ]
      }
    }
  }
}