{
  "settings": {},
  "dependencies": [
    "26394C1290D70AB6"
  ],
  "tasks": {
    "3872B1D118426B33": {
      "type": "heracles:item",
      "item": "gtceu:steel_large_boiler"
    }
  },
  "rewards": {},
  "display": {
    "title": "One Hundred Million Pressure Cookers",
    "description": [
      "<h2>Steam isn't the only answer, but we won't stop you</h2>",
      "<hr/>",
      "<task task=\"3872B1D118426B33\" quest=\"1BB40CCF17D00719\"/>",
      "<hr/>",
      "If you're &&lstill&&r running off the &&3Large Bronze Boiler&&r, you may want to upgrade to the &&3Large Steel Boiler&&r.",
      "<br/>",
      "It's slightly more efficient than the &&3LBB&&r, and produces &&d900 EU/t worth of Steam&&r.",
      "<br/>",
      "We'd politely recommend that you try other power options at this point."
    ],
    "icon": {
      "type": "heracles:item",
      "item": "gtceu:steel_large_boiler"
    },
    "subtitle": {
      "text": "Steam isn't the only answer, but we won't stop you"
    },
    "groups": {
      "§6HV§r - High Voltage": {
        "position": [
          36,
          -24
        ]
      }
    }
  }
}