{
  "settings": {},
  "dependencies": [
    "41D32C5178760F47"
  ],
  "tasks": {
    "1ED12D379EEE0CBA": {
      "type": "heracles:item",
      "item": "gtceu:prospector.hv"
    }
  },
  "rewards": {},
  "display": {
    "title": "HV Prospector",
    "description": [
      "<h2>Fluids just got easier</h2>",
      "<hr/>",
      "<task task=\"1ED12D379EEE0CBA\" quest=\"2124BF15006733D5\"/>",
      "<hr/>",
      "This prospector boasts a &&6higher range&&r than its &&7LV&&r counterpart.",
      "<br/>",
      "Sneak right-clicking with the Prospector in your hand will change its mode to &&6Fluid Prospection&&r. This will instead display the base &&dyield&&r of Fluid veins, along with how full they are.",
      "<br/>",
      "&&9Reminder:&&r The yield of a &&3Fluid Drilling Rig&&r is directly proportional to the \"fullness\" of the vein. When low enough, the output will default to a yield that can be defined in the CEu config.",
      "{@pagebreak}",
      "&&9Tip:&&r When the fullness drops below 30% (alright, rough estimate), you should consider moving to another vein for the sake of power-to-yield efficiency. Aiming for the &&3Advanced Fluid Drilling Rig&&r in &&5EV&&r may interest you, as not only does it significantly boost the output, but it also reduces the rate at which it drains the vein!",
      "<br/>",
      "&&cCaution:&&r Due to a bug, the Prospector display may be offset by one chunk, so avoid placing your Rig in the corners of a fluid vein. or you may end up pumping the wrong fluid!"
    ],
    "icon": {
      "type": "heracles:item",
      "item": "gtceu:prospector.hv"
    },
    "subtitle": {
      "text": "Fluids just got easier"
    },
    "groups": {
      "§6HV§r - High Voltage": {
        "position": [
          288,
          -60
        ]
      }
    }
  }
}