{
  "settings": {},
  "dependencies": [
    "4343746E706264E6",
    "528CE69DA4358B2E"
  ],
  "tasks": {
    "0C851DC9BF5BBC3D": {
      "type": "heracles:item",
      "item": "gtceu:nitric_acid_bucket"
    }
  },
  "rewards": {},
  "display": {
    "title": "Nitric Acid",
    "description": [
      "<h2>This won't eat your skin</h2>",
      "<hr/>",
      "<task task=\"0C851DC9BF5BBC3D\" quest=\"5BACED5AE350EAB1\"/>",
      "<hr/>",
      "Nitric Acid's fumes are extremely toxic! It's also a very potent oxidizer.",
      "<br/>",
      "&&aNitric Acid&&r is used in:",
      "<br/>",
      "&&9-&&r Cetane-Boosted Diesel, a better Diesel fuel that you'll get to soon.",
      "&&9-&&r Nitrobenzene, a better Gas fuel that we're not far off making.",
      "&&9-&&r The optional gem slurry chains.",
      "&&9-&&r The Platinum Group Sludge chain in &&1IV&&r.",
      "&&9-&&r Polybenzimidazole (try saying that ten times fast!) in &&1IV&&r.",
      "{@pagebreak}",
      "There are two main ways to make &&aNitric Acid&&r - &&othe &&agood&&f way and the &&4bad&&f ways!&&r",
      "<br/>",
      "Therefore, we'll point you towards the best method:",
      "<br/>",
      "Get a &&3Large Chemical Reactor&&r and use it to make &&aNitrogen Dioxide&&r. From there, react it in a regular &&3Chemical Reactor&&r with more &&dOxygen&&r and &&dWater&&r and you got yourself some &&aNitric Acid&&r!",
      "<br/>",
      "This requires a lot of &&dOxygen&&r. Refer to its own Quest in &&7LV&&r for the most efficient ways to obtain in large amount. Notice that this is Hydrogen free!"
    ],
    "icon": {
      "type": "heracles:item",
      "item": "gtceu:nitric_acid_bucket"
    },
    "subtitle": {
      "text": "This won't eat your skin"
    },
    "groups": {
      "§6HV§r - High Voltage": {
        "position": [
          216,
          48
        ]
      }
    }
  }
}