{
  "settings": {},
  "dependencies": [
    "16B735F9C391D260"
  ],
  "tasks": {
    "3CE1967A82B9ED45": {
      "type": "heracles:item",
      "item": "gtceu:infinite_water_cover"
    }
  },
  "rewards": {},
  "display": {
    "title": "Infinite Water",
    "description": [
      "<h2>Truly revolutionary - water</h2>",
      "<hr/>",
      "<task task=\"3CE1967A82B9ED45\" quest=\"78464574AF8A27AC\"/>",
      "<hr/>",
      "Time to say goodbye to your &&4Primitive Water Pumps&&r. They've done you proud.",
      "<br/>",
      "Place this on the side of a machine to give it &&616 buckets&&o&&r&&r of Water every second!"
    ],
    "icon": {
      "type": "heracles:item",
      "item": "gtceu:infinite_water_cover"
    },
    "subtitle": {
      "text": "Truly revolutionary - water"
    },
    "groups": {
      "§6HV§r - High Voltage": {
        "position": [
          72,
          12
        ]
      }
    }
  }
}