{
  "settings": {},
  "dependencies": [
    "648BCF486E16CCB2"
  ],
  "tasks": {
    "10F588EB061EB2EA": {
      "title": "Rock Crusher",
      "type": "heracles:item",
      "item": "itemfilters:or",
      "nbt": {
        "items": [
          {
            "Count": 1,
            "id": "gtceu:lv_rock_crusher"
          },
          {
            "Count": 1,
            "id": "gtceu:mv_rock_crusher"
          },
          {
            "Count": 1,
            "id": "gtceu:hv_rock_crusher"
          },
          {
            "Count": 1,
            "id": "gtceu:ev_rock_crusher"
          },
          {
            "Count": 1,
            "id": "gtceu:iv_rock_crusher"
          },
          {
            "Count": 1,
            "id": "gtceu:luv_rock_crusher"
          },
          {
            "Count": 1,
            "id": "gtceu:zpm_rock_crusher"
          },
          {
            "Count": 1,
            "id": "gtceu:uv_rock_crusher"
          }
        ]
      }
    }
  },
  "rewards": {
    "1140542401ED7AAB": {
      "type": "heracles:item",
      "item": {
        "id": "minecraft:cobblestone"
      }
    }
  },
  "display": {
    "title": "Cobble is Life",
    "description": [
      "<h2>What is this, Skyblock?</h2>",
      "<hr/>",
      "<task task=\"10F588EB061EB2EA\" quest=\"1F2359106FC95603\"/>",
      "<hr/>",
      "&&o&&7This quest's subject is optional, but may still be of interest to you. We've put it here in the name of completeness.&&r",
      "<br/>",
      "The &&3Rock Breaker&&r generates different types of igneous Rocks. In order to operate, &&9Water&&r and &&cLava&&r (doesn't need to be source blocks) must both be adjacent to it. Those rocks might be pulverized and electrolyzed into certain materials.",
      "<br/>",
      "Certain rocks, such as &&b&&cRed Granite&&r, need up to &&5EV&&r power to generate.",
      "<br/>",
      "&&eAny&&r Rock Breaker will complete this Quest.",
      "{@pagebreak}",
      "&&l&&3Lore:&&r&&o Obsidian requiring Redstone to generate is in reference to an ancient Minecraft bug, &&7MC-4239&&f. Placing Redstone where the Cobblestone would go in a cobble generator would make it generate Obsidian instead. This bug was resolved in snapshot 14w25b for Minecraft 1.8, over 9 years ago at the time of writing!",
      "<hr/>",
      "<reward reward=\"1140542401ED7AAB\" quest=\"1F2359106FC95603\"/>"
    ],
    "icon": {
      "type": "heracles:item",
      "item": "gtceu:lv_rock_crusher"
    },
    "subtitle": {
      "text": "What is this, Skyblock?"
    },
    "groups": {
      "§7LV§r - Low Voltage": {
        "position": [
          144,
          0
        ]
      }
    }
  }
}