{
  "settings": {},
  "dependencies": [
    "63CD0236B337EAAD",
    "5B2696206205CB2E"
  ],
  "tasks": {
    "4AA56628D87A3AF9": {
      "title": "Voiding Covers",
      "type": "heracles:item",
      "item": "itemfilters:or",
      "nbt": {
        "items": [
          {
            "Count": 1,
            "id": "gtceu:fluid_voiding_cover"
          },
          {
            "Count": 1,
            "id": "gtceu:item_voiding_cover"
          }
        ]
      }
    }
  },
  "rewards": {
    "7B4720913F7D4D6E": {
      "type": "heracles:item",
      "item": {
        "id": "minecraft:cactus",
        "count": 32
      }
    }
  },
  "display": {
    "title": "Voiding Covers",
    "description": [
      "<h2>The best mechanic - making an item or fluid disappear!</h2>",
      "<hr/>",
      "<task task=\"4AA56628D87A3AF9\" quest=\"249B9E104CAF5FE6\"/>",
      "<hr/>",
      "&&3Voiding Covers&&r can be attached to GregTech Machines, Crates or Drums. They will void stuff you don't want. How fancy!",
      "<br/>",
      "For machines, it will only void items in the Output slots. The Input slots are ignored.",
      "<br/>",
      "You can attach a &&aFilter&&r for more precise voiding.",
      "{@pagebreak}",
      "An advanced version also exists, which requires a &&dMV Circuit&&r. It enables voiding above a set threshold - great for for overflow control.",
      "<br/>",
      "&&9Note:&&r They default to being switched off, to prevent accidental voiding. Right-click them with a &&5Soft Mallet&&r to activate them.",
      "<br/>",
      "Obtaining &&eany&&r Voiding Cover will complete this Quest.",
      "<hr/>",
      "<reward reward=\"7B4720913F7D4D6E\" quest=\"249B9E104CAF5FE6\"/>"
    ],
    "icon": {
      "type": "heracles:item",
      "item": "gtceu:item_voiding_cover"
    },
    "subtitle": {
      "text": "The best mechanic - making an item or fluid disappear!"
    },
    "groups": {
      "§7LV§r - Low Voltage": {
        "position": [
          180,
          216
        ]
      }
    }
  }
}