{
  "settings": {},
  "dependencies": [
    "5A8F0124E07D5025"
  ],
  "tasks": {
    "70FEF63FB9A58B02": {
      "type": "heracles:item",
      "item": "gtceu:lv_electric_piston"
    }
  },
  "rewards": {
    "05D8932AEED073F8": {
      "type": "heracles:item",
      "item": {
        "id": "gtceu:small_steel_gear",
        "count": 4
      }
    }
  },
  "display": {
    "title": "Acquire: gtceu:lv_electric_piston",
    "description": [
      "<h2>A crafting component - did you expect anything fancier?</h2>",
      "<hr/>",
      "<task task=\"70FEF63FB9A58B02\" quest=\"38993B4697B0E16C\"/>",
      "<hr/>",
      "A specialized motor needed to make certain machines.",
      "<br/>",
      "One of the more intricate crafting components, as it's made using a motor.",
      "<hr/>",
      "<reward reward=\"05D8932AEED073F8\" quest=\"38993B4697B0E16C\"/>"
    ],
    "icon": {
      "type": "heracles:item",
      "item": "gtceu:lv_electric_piston"
    },
    "subtitle": {
      "text": "A crafting component - did you expect anything fancier?"
    },
    "groups": {
      "§7LV§r - Low Voltage": {
        "position": [
          36,
          0
        ]
      }
    }
  }
}