{
  "settings": {},
  "dependencies": [
    "648BCF486E16CCB2"
  ],
  "tasks": {
    "07BA97A0F04F0876": {
      "title": "Fisher",
      "type": "heracles:item",
      "item": "itemfilters:or",
      "nbt": {
        "items": [
          {
            "Count": 1,
            "id": "gtceu:lv_fisher"
          },
          {
            "Count": 1,
            "id": "gtceu:mv_fisher"
          },
          {
            "Count": 1,
            "id": "gtceu:hv_fisher"
          },
          {
            "Count": 1,
            "id": "gtceu:ev_fisher"
          }
        ]
      }
    }
  },
  "rewards": {},
  "display": {
    "title": "Fishing 50",
    "description": [
      "<h2>Women want me, fish fear me</h2>",
      "<hr/>",
      "<task task=\"07BA97A0F04F0876\" quest=\"3B26CA44EA955B07\"/>",
      "<hr/>",
      "&&o&&7This quest's subject is optional, but may still be of interest to you. We've put it here in the name of completeness.&&r",
      "<br/>",
      "The &&3Fisher&&r catches fish from Water. It requires a 5x5 area of Water directly below to operate. It uses the same loot table as normal Fishing, so it can catch things like &&dEnchanted Books&&r. Each operation consumes 1 String and EU equivalent to its tier (32 for &&7LV&&r, etc.) That's about it.",
      "<br/>",
      "&&eFish Oil&&r can be extracted from Fish, which can be used for &&6Bio Diesel&&r.",
      "<br/>",
      "Get &&eany&&r tier Fisher to complete this quest. (They only go up to &&5EV&&r. If you forsee needing enough Fish to justify an &&1IV&&r or higher Fisher, make a feature request on our GitHub or Discord.)"
    ],
    "icon": {
      "type": "heracles:item",
      "item": "gtceu:lv_fisher"
    },
    "subtitle": {
      "text": "Women want me, fish fear me"
    },
    "groups": {
      "§7LV§r - Low Voltage": {
        "position": [
          216,
          0
        ]
      }
    }
  }
}