{
  "settings": {},
  "dependencies": [
    "32EA7E81885C8E87"
  ],
  "tasks": {
    "6A4DFF7493955B8D": {
      "title": "Hmm, how interesting!",
      "type": "heracles:check"
    }
  },
  "rewards": {},
  "display": {
    "title": "Machine Auto-Output Behaviour",
    "description": [
      "<h2>Let's learn.</h2>",
      "<hr/>",
      "<task task=\"6A4DFF7493955B8D\" quest=\"64E1E87B8AF72968\"/>",
      "<hr/>",
      "All machines typically have one &&7Front Face&&r, and one &&9Output Face&&r.",
      "<br/>",
      "The &&7Front Face&&r should be obvious.nThe &&9Output Face&&r is the face with a dot or hole on it. By default, this is at the back of the machine as you place it.",
      "<br/>",
      "Machines can &&aauto-output&&r through their output face. To enable auto-output, click the appropriate button in the GUI. Fluid and item auto-outputs are toggled separately. Further control over auto-outputs can be achieved with &&dFilters&&r and &&dCovers&&r, which are explained in the quest to the upper left of this one.",
      "{@pagebreak}",
      "Right-clicking a machine with a &&5Wrench&&r changes the output side, and shift-right-clicking changes the front side. Keep in mind that the front side &&ccannot&&r also be the output side! ",
      "<br/>",
      "By default, items and fluids cannot be inserted through the output side, but this can be toggled with a &&5Screwdriver&&r. Either right-click the output face directly, or shift-right-click on the grid corresponding to the side of the output.",
      "<br/>",
      "There are unique machines that do not process recipes, such as the &&3Pump&&r, &&3Miner&&r, &&3Fisher&&r, &&3Item Collector&&r, etc. These machines will output on their &&7Front Face&&r (which is still marked as a dot)."
    ],
    "icon": {
      "type": "heracles:item",
      "item": "minecraft:hopper"
    },
    "subtitle": {
      "text": "Let's learn."
    },
    "groups": {
      "§7LV§r - Low Voltage": {
        "position": [
          36,
          72
        ]
      }
    }
  }
}