{
  "settings": {},
  "dependencies": [
    "16B735F9C391D260"
  ],
  "tasks": {
    "793B9FC5F9ACCCC7": {
      "type": "heracles:item",
      "item": "gtceu:steam_large_turbine"
    }
  },
  "rewards": {},
  "display": {
    "title": "Large Steam Turbine",
    "description": [
      "<h2>If you're still running off Steam... boy, do we have a solution for you!</h2>",
      "<hr/>",
      "<task task=\"793B9FC5F9ACCCC7\" quest=\"189F84D6C76CDC8B\"/>",
      "<hr/>",
      "It's time to be blunt - Steam as a power option isn't gonna cut the mustard anymore. If you're going to stick with Steam until the bitter end, we wish you luck... read on.",
      "<br/>",
      "The &&3Large Steam Turbine&&r acts as a multiblock Steam Turbine for &&6HV&&r power. It's quite an expensive multiblock to build just for a measly 1024 EU/t, but it also boasts the powerful ability to scale to &&9higher Power Production and higher Efficiency&&r.",
      "<br/>",
      "&&8(We're trying our best to sell it here, okay?!)",
      "{@pagebreak}",
      "The Turbine outputs &&dDistilled Water&&r if given an &&3Output Hatch&&r, which you could loop back to your &&3Large Boilers&&r. We don't entirely endorse this, as your Boilers will end up exploding if the system fails.",
      "<br/>",
      "Each Large Turbine will require a &&aTurbine Rotor&&r and a &&3Rotor Holder&&r. You can find out more about the Turbine mechanics in the &&lnext&&r Quest.",
      "{@pagebreak}",
      "&&9Note:&&r This Quest &&eonly&&r requires the Controller, but you'll still need all the multiblock parts to construct the Turbine.",
      "<br/>",
      "Turbines &&cvoid&&r energy if they're unable to output. If you plan on using this with &&6HV&&r power, use a Rotor close to a 100% Power stat."
    ],
    "icon": {
      "type": "heracles:item",
      "item": "gtceu:steam_large_turbine"
    },
    "subtitle": {
      "text": "If you're still running off Steam... boy, do we have a solution for you!"
    },
    "groups": {
      "§5EV§r - Extreme Voltage": {
        "position": [
          37,
          144
        ]
      }
    }
  }
}