{
  "settings": {},
  "dependencies": [
    "4024C831C77101CA",
    "16B735F9C391D260"
  ],
  "tasks": {
    "5FBC61FAAD7AA1D8": {
      "type": "heracles:item",
      "item": "gtceu:ender_fluid_link_cover"
    }
  },
  "rewards": {},
  "display": {
    "title": "Ender Fluid Linking",
    "description": [
      "<h2>Ender? I ha- Ok, this joke is old</h2>",
      "<hr/>",
      "<task task=\"5FBC61FAAD7AA1D8\" quest=\"23A7E6D95549B1F8\"/>",
      "<hr/>",
      "&&4&&l[ NOT YET IMPLEMENTED (unfortunately) ]",
      "<br/>",
      "&&aEnder Fluid Link Covers&&r are &&dGregTech&&r's answer to &&r&&3Ender Tanks&&r.",
      "<br/>",
      "Each Cover sends their fluids through a frequency defined by an &&68-digit hexadecimal number&&r (0-9, then A-F for each digit). That gives you &&64.29 billion&&r channels to work with! Ender Fluid Link Covers work as long as their chunk is loaded - regardless of distance or dimension.",
      "<br/>",
      "They don't come cheap, so consider setting up a way to farm &&3Ender Pearls&&r.",
      "{@pagebreak}",
      "Setting the mode to Import will &&c&&opull&&r fluids from the world location it is attached to, while Export will &&o&&9&&opush&&r fluids to the world. You must turn the I/O to Enabled for it to start working. Each channel has a buffer of &&d64 buckets&&r.",
      "<br/>",
      "We recommend you set up a system to organise all those channels. We would also advise against using the default channel (FFFFFFFF) in all cases."
    ],
    "icon": {
      "type": "heracles:item",
      "item": "gtceu:ender_fluid_link_cover"
    },
    "subtitle": {
      "text": "Ender? I ha- Ok, this joke is old"
    },
    "groups": {
      "§5EV§r - Extreme Voltage": {
        "position": [
          216,
          288
        ]
      }
    }
  }
}