{
  "settings": {},
  "dependencies": [
    "57D4E09A9CAB150C",
    "528CE69DA4358B2E",
    "5DBBD9B1F5B01F4E"
  ],
  "tasks": {
    "2A321C86ED69AA1A": {
      "type": "heracles:item",
      "item": "gtceu:inert_metal_mixture_dust"
    },
    "27FC363C81A1A8C2": {
      "type": "heracles:item",
      "item": "gtceu:ruthenium_dust"
    },
    "087DC7E9E964176C": {
      "type": "heracles:item",
      "item": "gtceu:rhodium_dust"
    }
  },
  "rewards": {},
  "display": {
    "title": "Ruthenium and Rhodium",
    "description": [
      "<h2>Ru-Rho, Rhaggy</h2>",
      "<hr/>",
      "<task task=\"2A321C86ED69AA1A\" quest=\"2F9D9AAB27E6534D\"/>",
      "<task task=\"27FC363C81A1A8C2\" quest=\"2F9D9AAB27E6534D\"/>",
      "<task task=\"087DC7E9E964176C\" quest=\"2F9D9AAB27E6534D\"/>",
      "<hr/>",
      "This part of the chain starts with &&aInert Metal Mixture&&r.",
      "<br/>",
      "&&dSulfuric Acid&&r can be perfectly recycled. You will produce excess &&dOxygen&&r and &&dHydrogen&&r that can be stored.",
      "<br/>",
      "&&aRhodium&&r and &&aRuthenium&&r are gatekeepers to &&9IV&&r and &&dLuV&&r respectively. If you automate them now, you won't need to do it later!"
    ],
    "icon": {
      "type": "heracles:item",
      "item": "gtceu:ruthenium_ingot"
    },
    "subtitle": {
      "text": "Ru-Rho, Rhaggy"
    },
    "groups": {
      "§5EV§r - Extreme Voltage": {
        "position": [
          252,
          36
        ]
      }
    }
  }
}