{
  "settings": {},
  "dependencies": [
    "06B4AAC7DD796182",
    "069FD86133D7D582"
  ],
  "tasks": {
    "478E2D7B59664F86": {
      "type": "heracles:item",
      "item": "gtceu:uranium_triplatinum_double_wire"
    }
  },
  "rewards": {},
  "display": {
    "title": "EV Superconductors",
    "description": [
      "<h2>Power Creep</h2>",
      "<hr/>",
      "<task task=\"478E2D7B59664F86\" quest=\"4A96337843BAC13A\"/>",
      "<hr/>",
      "Amperage goes up - we're now at a whopping &&e6A&&r per Superconductor."
    ],
    "icon": {
      "type": "heracles:item",
      "item": "gtceu:uranium_triplatinum_double_wire"
    },
    "subtitle": {
      "text": "Power Creep"
    },
    "groups": {
      "§5EV§r - Extreme Voltage": {
        "position": [
          288,
          360
        ]
      }
    }
  }
}