{
  "settings": {},
  "dependencies": [
    "7A55CC71442CC854"
  ],
  "tasks": {
    "3DF109921CA21ADB": {
      "type": "heracles:item",
      "item": "gtceu:lapotron_crystal"
    },
    "486FD2A6FCEFDFEF": {
      "type": "heracles:item",
      "item": "gtceu:ev_lapotronic_battery"
    }
  },
  "rewards": {},
  "display": {
    "title": "Extreme Batteries",
    "description": [
      "<task task=\"3DF109921CA21ADB\" quest=\"69E384F389B0D07B\"/>",
      "<task task=\"486FD2A6FCEFDFEF\" quest=\"69E384F389B0D07B\"/>",
      "<hr/>",
      "The Best Battery-like item for &&5EV&&r!",
      "<br/>",
      "The &&aLapotron Crystal&&r requires quite a bit of nested crafting, so craft it in large batches or automate it with AE2 patterns."
    ],
    "icon": {
      "type": "heracles:item",
      "item": "gtceu:lapotron_crystal"
    },
    "groups": {
      "§5EV§r - Extreme Voltage": {
        "position": [
          108,
          36
        ]
      }
    }
  }
}