{
  "settings": {},
  "dependencies": [
    "35E7E45987D9B1F6",
    "30A6EDDF25A5E5F8"
  ],
  "tasks": {
    "1696F760B75B3544": {
      "type": "heracles:item",
      "item": "gtceu:ev_energy_input_hatch"
    }
  },
  "rewards": {},
  "display": {
    "title": "Upgrading your EBF III",
    "description": [
      "<h2>Perfectly regular progression</h2>",
      "<hr/>",
      "<task task=\"1696F760B75B3544\" quest=\"7820DF52516344F4\"/>",
      "<hr/>",
      "Starting from here, &&3Energy&&r and &&3Dynamo Hatches&&r can be upgraded to a &&d4A&&r variant.",
      "<br/>",
      "This is extremely useful for Multiblock Generators."
    ],
    "icon": {
      "type": "heracles:item",
      "item": "gtceu:ev_energy_input_hatch"
    },
    "subtitle": {
      "text": "Perfectly regular progression"
    },
    "groups": {
      "§5EV§r - Extreme Voltage": {
        "position": [
          72,
          72
        ]
      }
    }
  }
}