{
  "settings": {},
  "dependencies": [
    "082AB255886E73C2",
    "47087361D6DE7DCF",
    "145F71A817C5996E",
    "58BBD540D7D4FF01"
  ],
  "tasks": {},
  "rewards": {},
  "display": {
    "title": "§dLuV§r Circuits",
    "description": [
      "Circuits along this line are &&dLuV&&r, and are interchangeable in recipes.",
      "<br/>",
      "The pattern stays the same: the rightmost circuit comes in &&dlarger quantities&&r and is overall &&aeasier&&r to produce.",
      "<br/>",
      "Make sure to set up &&3wetware board production&&r as soon as possible! These take a &&6very long time&&r to make.",
      "<br/>",
      "It's &&dLuV&&r, not &&4LUV&&r."
    ],
    "icon": {
      "type": "heracles:item",
      "item": "gtceu:luv_machine_casing"
    },
    "groups": {
      "Circuit Progression": {
        "position": [
          -32,
          160
        ]
      }
    }
  }
}