{
  "settings": {},
  "dependencies": [
    "082AB255886E73C2",
    "3B49BD004F38E1A2",
    "370FC1CDF5F9A9CC",
    "359121584E056022"
  ],
  "tasks": {},
  "rewards": {},
  "display": {
    "title": "Craftable in §cZPM§r",
    "description": [
      "<h2>Soft and Wetware</h2>",
      "<hr/>",
      "This is the &&9Wetware&&r Circuit line.",
      "<br/>",
      "It will be the biggest automation challenge to face in this modpack. Best of luck."
    ],
    "icon": {
      "type": "heracles:item",
      "item": "gtceu:zpm_machine_hull"
    },
    "subtitle": {
      "text": "Soft and Wetware"
    },
    "groups": {
      "Circuit Progression": {
        "position": [
          192,
          -64
        ]
      }
    }
  }
}