{
  "settings": {},
  "dependencies": [
    "42CD789B8C40E424",
    "79E4E53E9DF45549",
    "47087361D6DE7DCF",
    "7AE681E2AB31EA0D"
  ],
  "tasks": {},
  "rewards": {},
  "display": {
    "title": "Craftable in §dLuV§r",
    "description": [
      "<h2>Crystallisation</h2>",
      "<hr/>",
      "This is the &&9Crystal&&r Circuit line.",
      "<br/>",
      "It's locked behind &&3Fusion&&r."
    ],
    "icon": {
      "type": "heracles:item",
      "item": "gtceu:luv_machine_hull"
    },
    "subtitle": {
      "text": "Crystallisation"
    },
    "groups": {
      "Circuit Progression": {
        "position": [
          160,
          -64
        ]
      }
    }
  }
}