{
  "settings": {},
  "dependencies": [
    "6A304E453D74C57C"
  ],
  "tasks": {
    "4E9EBCCCC7BBAFDD": {
      "type": "heracles:item",
      "item": "gtceu:benzene_bucket"
    }
  },
  "rewards": {},
  "display": {
    "title": "The Church of Benzene",
    "description": [
      "<h2>In the end, it's always Benzene</h2>",
      "<hr/>",
      "<task task=\"4E9EBCCCC7BBAFDD\" quest=\"00E1A728E6F6D6A0\"/>",
      "<hr/>",
      "&&aBenzene&&r is a &&9Gas Fuel&&r. To skip some frustration, let's check out the two best ways to obtain it.",
      "<br/>",
      "The first option is typically &&dWood based&&r. Put Logs in the &&3Pyrolyse Oven&&r for &&9Wood Tar&&r. The Charcoal you obtain can then be processed in &&3Extractors&&r for even more &&9Wood Tar&&r, which you &&3distill&&r for &&aBenzene&&r.",
      "<br/>",
      "Your second option is &&dHeavy Oil based&&r. Put Heavy Oil in a &&3Distillery&&r for &&9Heavy Fuel&&r, which you &&aseverely steam-crack&&r and &&3distill&&r again for &&aBenzene&&r.",
      "{@pagebreak}",
      "For information on how to process Oil, check the Light Fuel and Naphtha Quests.",
      "<br/>",
      "In general, it is better to prioritize placing down more machines (&&dparallelisation&&r) over overclocking the recipes. That way, you end up losing less energy processing the resources.",
      "<br/>",
      "&&aBenzene&&r is burned in a &&3Gas Turbine&&r. This power source starts weaker than its &&eDiesel&&r cousin, but gets a big boost when refined to &&6Nitrobenzene&&r in &&6HV&&r. Ultimately, your power source is your choice."
    ],
    "icon": {
      "type": "heracles:item",
      "item": "gtceu:benzene_bucket"
    },
    "subtitle": {
      "text": "In the end, it's always Benzene"
    },
    "groups": {
      "§bMV§r - Medium Voltage": {
        "position": [
          -72,
          -60
        ]
      }
    }
  }
}