{
  "settings": {},
  "dependencies": [
    "75F38905DEA60F15"
  ],
  "tasks": {
    "39D43B06F1ECBAF0": {
      "type": "heracles:item",
      "item": "gtceu:liquid_fuel_jetpack"
    }
  },
  "rewards": {},
  "display": {
    "title": "I Believe I Can Fly II",
    "description": [
      "<h2>...still not quite there.</h2>",
      "<hr/>",
      "<task task=\"39D43B06F1ECBAF0\" quest=\"21F70EACF6D81E6A\"/>",
      "<hr/>",
      "This jetpack enables flight, and requires energy.",
      "<br/>",
      "Charge it like you would charge a Battery.",
      "<br/>",
      "Press &&4H&&r (default) to enable Hover Mode.",
      "<br/>",
      "&&o&&8(Yeah, yeah, a jetpack is supposed to work off \"propellants\". Y'all are always here to nitpick.)&&r"
    ],
    "icon": {
      "type": "heracles:item",
      "item": "gtceu:liquid_fuel_jetpack"
    },
    "subtitle": {
      "text": "...still not quite there."
    },
    "groups": {
      "§bMV§r - Medium Voltage": {
        "position": [
          57,
          -6
        ]
      }
    }
  }
}