{
  "settings": {},
  "dependencies": [
    "6A304E453D74C57C"
  ],
  "tasks": {
    "6E4D818CE088D7D4": {
      "type": "heracles:item",
      "item": "gtceu:sulfuric_light_fuel_bucket"
    },
    "36D70C00EF5171D6": {
      "type": "heracles:item",
      "item": "gtceu:light_fuel_bucket"
    }
  },
  "rewards": {},
  "display": {
    "title": "Light Fuel",
    "description": [
      "<h2>Turn up the Lights in here, baby</h2>",
      "<hr/>",
      "<task task=\"6E4D818CE088D7D4\" quest=\"61972B16805FC9EE\"/>",
      "<task task=\"36D70C00EF5171D6\" quest=\"61972B16805FC9EE\"/>",
      "<hr/>",
      "Distillating &&aOil&&r will give you Fuel that you will need to desulfurize.",
      "<br/>",
      "&&aHydrogen Sulfide&&r is perfectly &&drecycled&&r in an &&3Electrolyzer&&r.",
      "<br/>",
      "To automate this process, simply place your &&3Chemical Reactor&&r and your &&3Electrolyzer&&r next to each other. Be sure to use your &&5Screwdriver&&r to &&4enable input from the output side&&r.",
      "<br/>",
      "&&aLight Fuel&&r is a good &&9Power&&r option, but there's something even greater... check the Quest to the left."
    ],
    "icon": {
      "type": "heracles:item",
      "item": "gtceu:lightly_hydro_cracked_heavy_fuel_bucket"
    },
    "subtitle": {
      "text": "Turn up the Lights in here, baby"
    },
    "groups": {
      "§bMV§r - Medium Voltage": {
        "position": [
          -36,
          -96
        ]
      }
    }
  }
}