{
  "settings": {},
  "dependencies": [
    "32B08E6F414A00C0",
    "3D98819A799D2E64"
  ],
  "tasks": {
    "34147C1DD7B8DE55": {
      "type": "heracles:item",
      "item": "gtceu:hydrochloric_acid_bucket"
    }
  },
  "rewards": {},
  "display": {
    "title": "Hydrochloric Acid",
    "description": [
      "<h2>You'll need a lot of this!</h2>",
      "<hr/>",
      "<task task=\"34147C1DD7B8DE55\" quest=\"64CACABB48635904\"/>",
      "<hr/>",
      "Obtain &&9Hydrochloric Acid&&r by mixing &&aHydrogen&&r and &&aChlorine&&r.",
      "<br/>",
      "This acid is also obtained as waste from a lot of reactions involving &&aChlorine&&r. Depending on your setups, you may never need to produce it directly.",
      "{@pagebreak}",
      "&&cNote:&&r We have a $medicine command on our Discord:",
      "<br/>",
      "\"&&b&&oDo not attempt this in real life - it is not only illegal, but also stupidly dangerous&&r\".",
      "<br/>",
      "This applies to toying with chemicals. Please don't do it.",
      "<br/>",
      "Side note - we can guarantee you have a sample of this with you right now! It's in your stomach as a part of gastric acid."
    ],
    "icon": {
      "type": "heracles:item",
      "item": "gtceu:hydrochloric_acid_bucket"
    },
    "subtitle": {
      "text": "You'll need a lot of this!"
    },
    "groups": {
      "§bMV§r - Medium Voltage": {
        "position": [
          108,
          -132
        ]
      }
    }
  }
}