{
  "settings": {},
  "dependencies": [
    "1FFD2242B94A7378"
  ],
  "tasks": {
    "2620FA131244B3DA": {
      "title": "Multiple Channel Potin Pipes, please",
      "type": "heracles:item",
      "item": "itemfilters:or",
      "nbt": {
        "items": [
          {
            "Count": 1,
            "id": "gtceu:potin_quadruple_fluid_pipe"
          },
          {
            "Count": 1,
            "id": "gtceu:potin_nonuple_fluid_pipe"
          }
        ]
      }
    }
  },
  "rewards": {},
  "display": {
    "title": "Multiple Channel Pipes",
    "description": [
      "<h2>\"I thought channels were disabled!\"</h2>",
      "<hr/>",
      "<task task=\"2620FA131244B3DA\" quest=\"66041DE10C882382\"/>",
      "<hr/>",
      "Regular &&o&&dGregTech&&r Fluid Pipes can only transport one fluid type at a time.",
      "<br/>",
      "&&3Quadruple Fluid Pipes&&r can transfer four different types of fluids. &&3Nonuple Fluid Pipes&&r can transfer nine different types! Useful for compact setups.",
      "<br/>",
      "&&3Nonuple Fluid Pipes&&r will be useful in &&5EV&&r for handling the many outputs of the &&3Distillation Tower&&r.",
      "<br/>",
      "Get &&eeither&&r to finish this quest."
    ],
    "icon": {
      "type": "heracles:item",
      "item": "gtceu:tungsten_steel_quadruple_fluid_pipe"
    },
    "subtitle": {
      "text": "\"I thought channels were disabled!\""
    },
    "groups": {
      "§bMV§r - Medium Voltage": {
        "position": [
          144,
          -132
        ]
      }
    }
  }
}