{
  "settings": {},
  "dependencies": [
    "4A92AFD2532EED26"
  ],
  "tasks": {
    "2E6C71CB2E5EEAC7": {
      "type": "heracles:item",
      "amount": 4,
      "item": "gtceu:vanadium_steel_ingot"
    }
  },
  "rewards": {
    "2000E0E550142D12": {
      "type": "heracles:item",
      "item": {
        "id": "gtceu:blue_steel_ingot",
        "count": 16
      }
    }
  },
  "display": {
    "title": "Steel Alloys",
    "description": [
      "<h2>Steel Your Heart</h2>",
      "<hr/>",
      "<task task=\"2E6C71CB2E5EEAC7\" quest=\"682C26579EDDCA76\"/>",
      "<hr/>",
      "Vanadiumsteel is required in small quantities in progression. It's &&6nearly four times as durable&&r as Steel if used in GregTech tools. The Vanadium comes from &&aVanadium Magnetite&&r, which you may have encountered in Magnetite veins.",
      "<br/>",
      "Other Steel alloys include Blue Steel, Red Steel, and Black Steel!",
      "<br/>",
      "Take some Blue Steel free of charge - it's twice as durable as Steel.",
      "<hr/>",
      "<reward reward=\"2000E0E550142D12\" quest=\"682C26579EDDCA76\"/>"
    ],
    "icon": {
      "type": "heracles:item",
      "item": "gtceu:vanadium_steel_ingot"
    },
    "subtitle": {
      "text": "Steel Your Heart"
    },
    "groups": {
      "§bMV§r - Medium Voltage": {
        "position": [
          36,
          84
        ]
      }
    }
  }
}