{
  "settings": {},
  "dependencies": [
    "35E7E45987D9B1F6",
    "14D277A164202FF8"
  ],
  "tasks": {
    "4B0E8EBCA3950AA0": {
      "type": "heracles:item",
      "item": "gtceu:large_combustion_engine"
    },
    "38A33D0B4E9CD811": {
      "type": "heracles:item",
      "item": "gtceu:ev_energy_output_hatch"
    }
  },
  "rewards": {},
  "display": {
    "title": "Large Combustion",
    "description": [
      "<task task=\"4B0E8EBCA3950AA0\" quest=\"1AD309112ADD8D8D\"/>",
      "<task task=\"38A33D0B4E9CD811\" quest=\"1AD309112ADD8D8D\"/>",
      "<hr/>",
      "The &&3Large Combustion Engine&&r is a multiblock able to burn &&dCombustion Fuels&&r for even more Power Generation!",
      "<br/>",
      "Its default production outputs 2048 EU/t, which is the same as 4 &&3Turbo Combustion Generators&&r.",
      "<br/>",
      "Where it shines is the ability to &&6boost&&r it with &&aOxygen&&r. This will double the fuel consumption, but &&9triple the power generation&&r, for 6144 EU/t! This results in &&6150% Fuel efficiency&&r.",
      "<br/>",
      "It also requires a small amount of &&aLubricant&&r - nothing too crazy.",
      "<br/>",
      "The &&3LCE&&r is also void-free, unlike Large Turbines. Any energy that cannot be output will momentarily pause the multiblock.",
      "{@pagebreak}",
      "To harness the 6144 EU/t Power output, you will need a &&34A EV Dynamo Hatch&&r or an &&3IV Dynamo Hatch&&r."
    ],
    "icon": {
      "type": "heracles:item",
      "item": "gtceu:large_combustion_engine"
    },
    "groups": {
      "§5EV§r - Extreme Voltage": {
        "position": [
          72,
          36
        ]
      }
    }
  }
}