{
  "settings": {},
  "dependencies": [
    "069FD86133D7D582"
  ],
  "tasks": {
    "02739BCF3877B446": {
      "type": "heracles:check"
    }
  },
  "rewards": {},
  "display": {
    "title": "Gregicality Multiblocks",
    "description": [
      "<h2>We made it so far...</h2>",
      "<hr/>",
      "<task task=\"02739BCF3877B446\" quest=\"3B2D2C47BEBCFFA7\"/>",
      "<hr/>",
      "If you want a big boost to your processing abilities, look no further than these powerful Multiblocks!",
      "<br/>",
      "Formerly known as &&2Gregicality Multiblocks&&r, the add-on has been fully integrated into GregTech CEu Modern!",
      "<br/>",
      "You'll need to make use of many new &&9alloys&&r to build the new Multiblocks. Yay, more content!",
      "<br/>",
      "&&6This quest unlocks a new tutorial on the GCYM mechanics in the &&lTips and Tricks&&r&&6 tab - check it out to learn more!&&r"
    ],
    "icon": {
      "type": "heracles:item",
      "item": "gtceu:vibration_safe_casing"
    },
    "subtitle": {
      "text": "We made it so far..."
    },
    "groups": {
      "§5EV§r - Extreme Voltage": {
        "position": [
          288,
          211
        ]
      }
    }
  }
}