{
  "settings": {},
  "dependencies": [
    "3B2D2C47BEBCFFA7"
  ],
  "tasks": {
    "1493AF342D999313": {
      "type": "heracles:item",
      "item": "gtceu:alloy_blast_smelter"
    }
  },
  "rewards": {},
  "display": {
    "title": "Acquire: gtceu:alloy_blast_smelter",
    "description": [
      "<h2>Visions of GT++</h2>",
      "<hr/>",
      "<task task=\"1493AF342D999313\" quest=\"5979B0E13A1EDC9C\"/>",
      "<hr/>",
      "The &&aAlloy Blast Smelter&&r is the only main &&2GCYM&&r machine available in &&5EV&&r. You can use it to produce any alloy that you'd normally use the Mixer for. ",
      "<br/>",
      "Instead of producing &&6Hot Ingots&&r, the ABS produces &&9Molten Fluids&&r if the recipe is \"hot\" enough. These fluids require cooling with a &&bVacuum Freezer&&r. Otherwise, it produces regular liquids.",
      "<br/>",
      "Don't let the long smelting times scare you off. This machine incorporates the &&dMixer step&&r directly into the smelting recipe, and actually saves you quite a bit of time over smelting the dust in an EBF!",
      "<br/>",
      "Nearly every &&2GCYM&&r material is produced in this machine, so if you have trouble finding a Mixer recipe, look for a Molten Fluid!",
      "{@pagebreak}",
      "&&l&&3Lore:&&r&&o This multiblock was inspired by GT++. It didn't use any heating coils, had no temperature requirements, and only produced regular liquids for all materials. It was pretty OP back in the day, but it eventually got restricted to only a single Energy Hatch to balance it out. For some reason, it also allowed you to melt any dust... into liquid...?"
    ],
    "icon": {
      "type": "heracles:item",
      "item": "gtceu:alloy_blast_smelter"
    },
    "subtitle": {
      "text": "Visions of GT++"
    },
    "groups": {
      "§5EV§r - Extreme Voltage": {
        "position": [
          252,
          216
        ]
      }
    }
  }
}