{
  "settings": {},
  "dependencies": [
    "55552589C581EE9E"
  ],
  "tasks": {
    "4A1CB3F3A4EE6F55": {
      "type": "heracles:item",
      "item": "gtceu:nanomuscle_helmet"
    },
    "30E0D77F8DE14CA8": {
      "type": "heracles:item",
      "item": "gtceu:nanomuscle_chestplate"
    },
    "1736BEDC1575A0F1": {
      "type": "heracles:item",
      "item": "gtceu:nanomuscle_leggings"
    },
    "3C881071A41EC114": {
      "type": "heracles:item",
      "item": "gtceu:nanomuscle_boots"
    }
  },
  "rewards": {},
  "display": {
    "title": "Nanomuscles, son!",
    "description": [
      "<h2>GregTech and armour - a match made in heaven!</h2>",
      "<hr/>",
      "<task task=\"4A1CB3F3A4EE6F55\" quest=\"22D83509D938F039\"/>",
      "<task task=\"30E0D77F8DE14CA8\" quest=\"22D83509D938F039\"/>",
      "<task task=\"1736BEDC1575A0F1\" quest=\"22D83509D938F039\"/>",
      "<task task=\"3C881071A41EC114\" quest=\"22D83509D938F039\"/>",
      "<hr/>",
      "If you heeded our suggestion for Peaceful mode, you shouldn't need to defend yourself from pesky mobs - but this armor provides some nice QoL that you may enjoy!",
      "<br/>",
      "&&9Helmet:&&r Provides &&dNight vision&&r (the default keybind is &&4M&&r, but check for conflicts)",
      "<br/>",
      "&&9Chestplate:&&r Provides nothing interesting right now, but can be further upgraded into the &&aAdvanced&&r version at the very end of &&6HV&&r.",
      "<br/>",
      "&&9Leggings:&&r Provides nothing special... perhaps we should have given it a small speed boost?",
      "<br/>",
      "&&9Boots:&&r Provides &&dStep Assist&&r. Yes, you read that right!",
      "{@pagebreak}",
      "&&l&&3Lore:&&r&&o This armor was inspired by IndustrialCraft, but its first implementation within the \"GTCE ecosystem\" came with Nuke Powered Utils, an addon mod to GTCE."
    ],
    "icon": {
      "type": "heracles:item",
      "item": "gtceu:nanomuscle_helmet"
    },
    "subtitle": {
      "text": "GregTech and armour - a match made in heaven!"
    },
    "groups": {
      "§6HV§r - High Voltage": {
        "position": [
          144,
          -96
        ]
      }
    }
  }
}