{
  "settings": {},
  "dependencies": [
    "390E59F05132FCB8",
    "59DFC4DA7D29C315",
    "1C55AE6AD5BDE304"
  ],
  "tasks": {
    "334DB53CC12726B0": {
      "type": "heracles:item",
      "item": "gtceu:titanium_tetrachloride_bucket"
    }
  },
  "rewards": {},
  "display": {
    "title": "Almost Titanium²",
    "description": [
      "<h2>Nope, still not Titanium</h2>",
      "<hr/>",
      "<task task=\"334DB53CC12726B0\" quest=\"727075AAF9F91FAE\"/>",
      "<hr/>",
      "To get your grubby hands on some Titanium, &&aRutile&&r must first be reduced to &&aTitanium Tetrachloride&&r in an &&3HV Chemical Reactor&&r, then reduced again in an &&3EBF&&r with &&dMagnesium&&r to finally arrive at Titanium.",
      "<br/>",
      "The &&dCarbon&&r, &&dChlorine&&r, &&dOxygen&&r, and &&dMagnesium&&r used in the process can be &&6perfectly recovered&&r from the byproduct &&dCarbon Monoxide&&r and &&dMagnesium Chloride&&r with no loss. If you set up a system to recover them, &&athe only material&&r that you'll need to provide for Titanium is &&dRutile&&r!",
      "{@pagebreak}",
      "&&aTitanium Tetrachloride&&r also acts as a catalyst in the production of plastics. A touch of &&aTiCl₄&&r in the polymerisation process can increase the polymer yield to &&6133%&&r&&r. Naturally, this is completely optional."
    ],
    "icon": {
      "type": "heracles:item",
      "item": "gtceu:titanium_tetrachloride_bucket"
    },
    "subtitle": {
      "text": "Nope, still not Titanium"
    },
    "groups": {
      "§6HV§r - High Voltage": {
        "position": [
          180,
          -132
        ]
      }
    }
  }
}